taxon	collection_date	decimal_date
H-13	2023-07-04	2023.50410958904
H-44	2023-07-17	2023.5397260274
H-40	2023-07-15	2023.53424657534
H-178	2023-07-30	2023.57534246575
H-116	2023-07-27	2023.56712328767
H-124	2023-07-30	2023.57534246575
H-248	2023-08-05	2023.59178082192
H-426	2023-08-10	2023.60547945205
H-295	2023-08-07	2023.59726027397
H-354	2023-08-09	2023.60273972603
H-384	2023-08-11	2023.60821917808
H-414	2023-08-11	2023.60821917808
H-353	2023-08-10	2023.60547945205
H-88	2023-07-25	2023.56164383562
H-401	2023-08-10	2023.60547945205
H-290	2023-08-05	2023.59178082192
H-317	2023-08-06	2023.59452054795
H-379	2023-08-10	2023.60547945205
H-34	2023-07-14	2023.53150684932
H-139	2023-07-31	2023.57808219178
H-188	2023-08-05	2023.59178082192
H-441	2023-08-10	2023.60547945205
H-136	2023-07-27	2023.56712328767
H-425	2023-08-11	2023.60821917808
H-446	2023-08-10	2023.60547945205
H-12	2023-07-03	2023.50136986301
H-101	2023-07-26	2023.56438356164
H-76	2023-07-24	2023.55890410959
H-156	2023-08-01	2023.58082191781
H-56	2023-07-24	2023.55890410959
H-196	2023-08-05	2023.59178082192
H-60	2023-07-19	2023.54520547945
H-257	2023-08-05	2023.59178082192
H-109	2023-07-26	2023.56438356164
H-236	2023-08-06	2023.59452054795
H-404	2023-08-11	2023.60821917808
H-191	2023-08-02	2023.58356164384
H-253	2023-08-05	2023.59178082192
H-190	2023-08-04	2023.58904109589
H-207	2023-08-02	2023.58356164384
H-10	2023-06-27	2023.48493150685
H-309	2023-08-09	2023.60273972603
H-25	2023-07-09	2023.51780821918
H-312	2023-08-09	2023.60273972603
H-119	2023-07-27	2023.56712328767
H-32	2023-07-15	2023.53424657534
H-149	2023-07-29	2023.57260273973
H-138	2023-07-31	2023.57808219178
H-479	2023-08-10	2023.60547945205
H-360	2023-08-09	2023.60273972603
H-394	2023-08-10	2023.60547945205
H-345	2023-08-10	2023.60547945205
H-567	2023-08-11	2023.60821917808
H-97	2023-07-25	2023.56164383562
H-406	2023-08-11	2023.60821917808
H-580	2023-08-11	2023.60821917808
H-267	2023-08-07	2023.59726027397
H-330	2023-08-09	2023.60273972603
H-66	2023-07-21	2023.55068493151
H-282	2023-08-06	2023.59452054795
H-52	2023-07-21	2023.55068493151
H-15	2023-07-03	2023.50136986301
H-70	2023-07-23	2023.55616438356
H-276	2023-08-07	2023.59726027397
H-371	2023-08-09	2023.60273972603
H-391	2023-08-11	2023.60821917808
H-57	2023-07-19	2023.54520547945
H-53	2023-07-18	2023.54246575342
H-268	2023-08-05	2023.59178082192
H-251	2023-08-05	2023.59178082192
H-111	2023-07-29	2023.57260273973
H-252	2023-08-05	2023.59178082192
H-429	2023-08-10	2023.60547945205
H-96	2023-07-27	2023.56712328767
H-375	2023-08-11	2023.60821917808
H-240	2023-08-02	2023.58356164384
H-33	2023-07-15	2023.53424657534
H-135	2023-08-01	2023.58082191781
H-185	2023-08-04	2023.58904109589
H-202	2023-08-04	2023.58904109589
H-8	2023-06-22	2023.47123287671
H-221	2023-08-05	2023.59178082192
H-324	2023-08-10	2023.60547945205
H-467	2023-08-11	2023.60821917808
H-92	2023-07-29	2023.57260273973
H-362	2023-08-07	2023.59726027397
H-291	2023-08-05	2023.59178082192
H-380	2023-08-11	2023.60821917808
H-75	2023-07-25	2023.56164383562
H-270	2023-08-07	2023.59726027397
H-65	2023-07-21	2023.55068493151
H-398	2023-08-09	2023.60273972603
H-144	2023-07-31	2023.57808219178
H-397	2023-08-11	2023.60821917808
H-127	2023-07-30	2023.57534246575
H-365	2023-08-10	2023.60547945205
H-107	2023-07-25	2023.56164383562
H-201	2023-07-31	2023.57808219178
H-298	2023-08-07	2023.59726027397
H-147	2023-07-30	2023.57534246575
H-158	2023-08-01	2023.58082191781
H-200	2023-08-01	2023.58082191781
H-249	2023-08-06	2023.59452054795
H-72	2023-07-20	2023.54794520548
H-349	2023-08-09	2023.60273972603
H-382	2023-08-07	2023.59726027397
H-122	2023-07-31	2023.57808219178
H-287	2023-08-06	2023.59452054795
H-305	2023-08-11	2023.60821917808
H-332	2023-08-07	2023.59726027397
H-308	2023-08-06	2023.59452054795
H-453	2023-08-11	2023.60821917808
H-1	2023-05-24	2023.39178082192
H-35	2023-07-17	2023.5397260274
H-46	2023-07-17	2023.5397260274
H-41	2023-07-19	2023.54520547945
H-176	2023-07-31	2023.57808219178
H-433	2023-08-10	2023.60547945205
H-277	2023-08-06	2023.59452054795
H-320	2023-08-07	2023.59726027397
H-413	2023-08-09	2023.60273972603
H-409	2023-08-11	2023.60821917808
H-281	2023-08-09	2023.60273972603
H-339	2023-08-07	2023.59726027397
H-237	2023-08-06	2023.59452054795
H-304	2023-08-10	2023.60547945205
H-195	2023-08-05	2023.59178082192
H-198	2023-08-02	2023.58356164384
H-311	2023-08-07	2023.59726027397
H-340	2023-08-10	2023.60547945205
H-374	2023-08-09	2023.60273972603
H-223	2023-08-04	2023.58904109589
H-80	2023-07-25	2023.56164383562
H-321	2023-08-07	2023.59726027397
H-351	2023-08-11	2023.60821917808
H-241	2023-08-05	2023.59178082192
H-278	2023-08-07	2023.59726027397
H-306	2023-08-09	2023.60273972603
H-336	2023-08-11	2023.60821917808
H-451	2023-08-11	2023.60821917808
H-238	2023-08-06	2023.59452054795
H-333	2023-08-06	2023.59452054795
H-363	2023-08-10	2023.60547945205
H-434	2023-08-10	2023.60547945205
H-16	2023-07-02	2023.49863013699
H-100	2023-07-25	2023.56164383562
H-358	2023-08-07	2023.59726027397
H-348	2023-08-07	2023.59726027397
H-411	2023-08-11	2023.60821917808
H-14	2023-07-04	2023.50410958904
H-84	2023-07-25	2023.56164383562
H-378	2023-08-11	2023.60821917808
H-183	2023-08-04	2023.58904109589
H-255	2023-08-05	2023.59178082192
H-51	2023-07-17	2023.5397260274
H-64	2023-07-20	2023.54794520548
H-164	2023-08-01	2023.58082191781
H-264	2023-08-05	2023.59178082192
H-59	2023-07-19	2023.54520547945
H-194	2023-08-02	2023.58356164384
H-129	2023-07-29	2023.57260273973
H-440	2023-08-09	2023.60273972603
H-153	2023-07-30	2023.57534246575
H-50	2023-07-17	2023.5397260274
H-266	2023-08-09	2023.60273972603
H-128	2023-07-29	2023.57260273973
H-393	2023-08-11	2023.60821917808
H-174	2023-08-04	2023.58904109589
H-206	2023-08-09	2023.60273972603
H-45	2023-07-19	2023.54520547945
H-154	2023-07-30	2023.57534246575
H-143	2023-07-31	2023.57808219178
H-359	2023-08-09	2023.60273972603
H-387	2023-08-10	2023.60547945205
H-573	2023-08-11	2023.60821917808
H-55	2023-07-19	2023.54520547945
H-280	2023-08-05	2023.59178082192
H-338	2023-08-10	2023.60547945205
H-121	2023-07-27	2023.56712328767
H-157	2023-07-31	2023.57808219178
H-242	2023-08-05	2023.59178082192
H-81	2023-07-26	2023.56438356164
H-346	2023-08-09	2023.60273972603
H-376	2023-08-10	2023.60547945205
H-49	2023-07-19	2023.54520547945
H-275	2023-08-07	2023.59726027397
H-335	2023-08-09	2023.60273972603
H-370	2023-08-11	2023.60821917808
H-37	2023-07-15	2023.53424657534
H-123	2023-07-30	2023.57534246575
H-104	2023-07-26	2023.56438356164
H-313	2023-08-07	2023.59726027397
H-344	2023-08-11	2023.60821917808
H-220	2023-08-02	2023.58356164384
H-94	2023-07-25	2023.56164383562
H-347	2023-08-09	2023.60273972603
H-381	2023-08-10	2023.60547945205
H-218	2023-08-04	2023.58904109589
H-307	2023-08-06	2023.59452054795
H-226	2023-08-05	2023.59178082192
H-246	2023-08-05	2023.59178082192
H-18	2023-07-06	2023.5095890411
H-67	2023-07-20	2023.54794520548
H-91	2023-07-27	2023.56712328767
H-140	2023-07-31	2023.57808219178
H-215	2023-08-04	2023.58904109589
H-180	2023-08-05	2023.59178082192
H-232	2023-08-05	2023.59178082192
H-219	2023-08-04	2023.58904109589
H-118	2023-07-30	2023.57534246575
H-126	2023-07-30	2023.57534246575
H-133	2023-07-31	2023.57808219178
